<?xml version="1.0" encoding="UTF-8"?>
<project-private xmlns="http://www.netbeans.org/ns/project-private/1">
    <editor-bookmarks xmlns="http://www.netbeans.org/ns/editor-bookmarks/2" lastBookmarkId="0"/>
    <open-files xmlns="http://www.netbeans.org/ns/projectui-open-files/2">
        <group>
            <file>file:/home/aprietde10.alumnes/NetBeansProjects/BBBSA/src/bbbsa/BBBSA.java</file>
            <file>file:/home/aprietde10.alumnes/NetBeansProjects/BBBSA/src/bbbsa/Client.java</file>
            <file>file:/home/aprietde10.alumnes/NetBeansProjects/BBBSA/src/bbbsa/BBBSAController.java</file>
            <file>file:/home/aprietde10.alumnes/NetBeansProjects/BBBSA/src/bbbsa/Visita.java</file>
            <file>file:/home/aprietde10.alumnes/NetBeansProjects/BBBSA/src/bbbsa/Piso.java</file>
        </group>
    </open-files>
</project-private>
