[
  {
    "model": "mediacloud.Item",
    "pk": 1,
    "fields": {
      "description": "65daysaofstatic - Supermoon",
      "name": "Supermoon",
      "type":"song",
      "price":"1.00"
    }
  },
  {
    "model": "mediacloud.Item",
    "pk": 2,
    "fields": {
      "description": "James Marvel - Way of the Warrior",
      "name": "Way of the Warrior",
      "type":"song",
      "price":"1.00"
    }
  },
  {
    "model": "mediacloud.Item",
    "pk": 3,
    "fields": {
      "description": "Phaeleh - Mountain", 
      "name": "Mountain",
      "type": "song",
      "price": "1.00"
    }
  },
  {
    "model": "mediacloud.Item",
    "pk": 4,
    "fields": {
      "description": "Document One - Run the Block",
      "name": "Run the Block",
      "type":"song",
      "price":"1.00"
    }
  },
  {
    "model": "mediacloud.Item",
    "pk": 5,
    "fields": {
      "description": "León Tolstói - Ana Karenina",
      "name": "Ana Karenina",
      "type":"book",
      "price":"1.00"
    }
  },
  {
    "model": "mediacloud.Item",
    "pk": 6,
    "fields": {
      "description": "Malba Tahan - El Hombre que Calculaba",
      "name": "El hombre que calculaba",
      "type":"book",
      "price":"1.00"
    }
  },
  {
    "model": "mediacloud.Item",
    "pk": 7,
    "fields": {
      "description": "Art Spiegelman - Maus",
      "name": "Maus",
      "type":"book",
      "price":"1.00"
    }
  },
  {
    "model": "mediacloud.Item",
    "pk": 8,
    "fields": {
      "description": "Terry Pratchett - The Wee Free Man",
      "name": "The Wee Free Man",
      "type":"book",
      "price":"1.00"
    }
  },
  {
    "model": "mediacloud.Item",
    "pk": 9,
    "fields": {
      "description": "Mass Effect - Launch Trailer [2008]", 
      "name": "Mass Effect (Trailer)",
      "type": "video",
      "price": "1.00"
    }
  },
  {
    "model": "mediacloud.Item",
    "pk": 10,
    "fields": {
      "description": "Star Wars: Battlefront - Launch Trailer [2016]",
      "name": "Star Wars: Battlefront (Trailer)",
      "type":"video",
      "price":"1.00"
    }
  },
  {
    "model": "mediacloud.Item",
    "pk": 11,
    "fields": {
      "description": "James Bond: Spectre - Movie Trailer [2015]",
      "name": "James Bond: Spectre (Trailer)",
      "type":"video",
      "price":"1.00"
    }
  },
  {
    "model": "mediacloud.Item",
    "pk": 12,
    "fields": {
      "description": "Django Unchained - Movie Trailer [2013]",
      "name": "Django Unchained (Trailer)",
      "type":"video",
      "price":"1.00"
    }
  }
]
